CNPJ_FUNDO	DENOM_SOCIAL	TP_FUNDO	DT_COMPTC	VL_TOTAL	VL_QUOTA	VL_PATRIM_LIQ	NR_COTST
00.822.055/0001-87	BB RF IV FUNDO DE INVESTIMENTO RENDA FIXA LONGO PRAZO	FI	2022-12-01	101657785621.67	47.748135983	101656811554.32	1
00.822.055/0001-87	BB RF IV FUNDO DE INVESTIMENTO RENDA FIXA LONGO PRAZO	FI	2022-12-02	101707573469.74	47.770326191	101706549987.25	1
00.822.055/0001-87	BB RF IV FUNDO DE INVESTIMENTO RENDA FIXA LONGO PRAZO	FI	2022-12-05	101759786826.8	47.792526888	101758713909.44	1
00.822.055/0001-87	BB RF IV FUNDO DE INVESTIMENTO RENDA FIXA LONGO PRAZO	FI	2022-12-06	101807971637.06	47.814738107	101807653508.54	1
00.822.055/0001-87	BB RF IV FUNDO DE INVESTIMENTO RENDA FIXA LONGO PRAZO	FI	2022-12-07	102131185338.7	47.836959593	102130817735.19	1
00.822.055/0001-87	BB RF IV FUNDO DE INVESTIMENTO RENDA FIXA LONGO PRAZO	FI	2022-12-08	102178709381.68	47.859196102	102178292174.93	1
00.822.055/0001-87	BB RF IV FUNDO DE INVESTIMENTO RENDA FIXA LONGO PRAZO	FI	2022-12-09	102114003921.47	47.828865529	102113537092.65	1
00.822.055/0001-87	BB RF IV FUNDO DE INVESTIMENTO RENDA FIXA LONGO PRAZO	FI	2022-12-12	102154918324.52	47.848006158	102154401899.31	1
00.822.055/0001-87	BB RF IV FUNDO DE INVESTIMENTO RENDA FIXA LONGO PRAZO	FI	2022-12-13	102195849349.83	47.867154565	102195283312.03	1
00.822.055/0001-87	BB RF IV FUNDO DE INVESTIMENTO RENDA FIXA LONGO PRAZO	FI	2022-12-14	102236683072.89	47.886311302	102236182509.15	1
00.822.055/0001-87	BB RF IV FUNDO DE INVESTIMENTO RENDA FIXA LONGO PRAZO	FI	2022-12-15	102280020288.15	47.90547524	102279470079.37	1
00.822.055/0001-87	BB RF IV FUNDO DE INVESTIMENTO RENDA FIXA LONGO PRAZO	FI	2022-12-16	102326432083.75	47.927190253	102325832212.73	1
00.822.055/0001-87	BB RF IV FUNDO DE INVESTIMENTO RENDA FIXA LONGO PRAZO	FI	2022-12-19	102372865132.38	47.948915215	102372215587.05	1
00.822.055/0001-87	BB RF IV FUNDO DE INVESTIMENTO RENDA FIXA LONGO PRAZO	FI	2022-12-20	101865615420.39	47.97065011	101864916169.7	1
00.822.055/0001-87	BB RF IV FUNDO DE INVESTIMENTO RENDA FIXA LONGO PRAZO	FI	2022-12-21	101918456912.76	47.992380903	101917708164.35	1
00.822.055/0001-87	BB RF IV FUNDO DE INVESTIMENTO RENDA FIXA LONGO PRAZO	FI	2022-12-22	102025379930.75	48.014121818	102024581663.66	1
00.822.055/0001-87	BB RF IV FUNDO DE INVESTIMENTO RENDA FIXA LONGO PRAZO	FI	2022-12-23	102071650925.23	48.035874238	102070803097.06	1
00.822.055/0001-87	BB RF IV FUNDO DE INVESTIMENTO RENDA FIXA LONGO PRAZO	FI	2022-12-26	102079988402.82	48.039774633	102079090995.21	1
00.822.055/0001-87	BB RF IV FUNDO DE INVESTIMENTO RENDA FIXA LONGO PRAZO	FI	2022-12-27	102134342238.48	48.058986597	102133395248.16	1
00.822.055/0001-87	BB RF IV FUNDO DE INVESTIMENTO RENDA FIXA LONGO PRAZO	FI	2022-12-28	102422178502.55	48.07820704	102421181907.95	1
00.822.055/0001-87	BB RF IV FUNDO DE INVESTIMENTO RENDA FIXA LONGO PRAZO	FI	2022-12-29	102551571712.05	48.09744772	102550525398.99	1
00.822.055/0001-87	BB RF IV FUNDO DE INVESTIMENTO RENDA FIXA LONGO PRAZO	FI	2022-12-30	102592671443.74	48.116700653	102591575360.91	1
01.597.187/0001-15	SPECIAL RENDA FIXA REFERENCIADO DI - FUNDO DE INVESTIMENTO	FI	2022-12-01	111272257953.76	292.968029	111290030768.9	49
01.597.187/0001-15	SPECIAL RENDA FIXA REFERENCIADO DI - FUNDO DE INVESTIMENTO	FI	2022-12-02	111649264693.4	293.126352	111624821016.77	49
01.597.187/0001-15	SPECIAL RENDA FIXA REFERENCIADO DI - FUNDO DE INVESTIMENTO	FI	2022-12-05	110168426550.06	293.28091	110194530627.41	49
01.597.187/0001-15	SPECIAL RENDA FIXA REFERENCIADO DI - FUNDO DE INVESTIMENTO	FI	2022-12-06	110176074667.93	293.4353	110186596253.63	49
01.597.187/0001-15	SPECIAL RENDA FIXA REFERENCIADO DI - FUNDO DE INVESTIMENTO	FI	2022-12-07	110472592675.07	293.587717	110453694232.71	49
01.597.187/0001-15	SPECIAL RENDA FIXA REFERENCIADO DI - FUNDO DE INVESTIMENTO	FI	2022-12-08	109324060953.31	293.740242	109333289915.7	49
01.597.187/0001-15	SPECIAL RENDA FIXA REFERENCIADO DI - FUNDO DE INVESTIMENTO	FI	2022-12-09	109857828930.88	293.892785	109865355641.45	49
01.597.187/0001-15	SPECIAL RENDA FIXA REFERENCIADO DI - FUNDO DE INVESTIMENTO	FI	2022-12-12	109661578703.35	294.045956	109702986974.29	49
01.597.187/0001-15	SPECIAL RENDA FIXA REFERENCIADO DI - FUNDO DE INVESTIMENTO	FI	2022-12-13	109912779885.65	294.197822	109942349954.31	49
01.597.187/0001-15	SPECIAL RENDA FIXA REFERENCIADO DI - FUNDO DE INVESTIMENTO	FI	2022-12-14	109672829837.59	294.351098	109693574117.31	49
01.597.187/0001-15	SPECIAL RENDA FIXA REFERENCIADO DI - FUNDO DE INVESTIMENTO	FI	2022-12-15	109379306806.95	294.501795	109354523175.9	49
01.597.187/0001-15	SPECIAL RENDA FIXA REFERENCIADO DI - FUNDO DE INVESTIMENTO	FI	2022-12-16	109729435895.48	294.636792	109746989280.06	49
01.597.187/0001-15	SPECIAL RENDA FIXA REFERENCIADO DI - FUNDO DE INVESTIMENTO	FI	2022-12-19	110080982950.56	294.81919	110083636300.06	49
01.597.187/0001-15	SPECIAL RENDA FIXA REFERENCIADO DI - FUNDO DE INVESTIMENTO	FI	2022-12-20	109234736866.52	294.976079	109201112307.66	49
01.597.187/0001-15	SPECIAL RENDA FIXA REFERENCIADO DI - FUNDO DE INVESTIMENTO	FI	2022-12-21	109747246103.65	295.123531	109744635708.79	49
01.597.187/0001-15	SPECIAL RENDA FIXA REFERENCIADO DI - FUNDO DE INVESTIMENTO	FI	2022-12-22	110023499141.36	295.276771	110006453576.87	48
01.597.187/0001-15	SPECIAL RENDA FIXA REFERENCIADO DI - FUNDO DE INVESTIMENTO	FI	2022-12-23	110314751537.55	295.440104	110291228304.56	48
01.597.187/0001-15	SPECIAL RENDA FIXA REFERENCIADO DI - FUNDO DE INVESTIMENTO	FI	2022-12-26	110948784826.27	295.598748	110970272810.38	48
01.597.187/0001-15	SPECIAL RENDA FIXA REFERENCIADO DI - FUNDO DE INVESTIMENTO	FI	2022-12-27	111179565403.05	295.753737	111183318968.15	48
01.597.187/0001-15	SPECIAL RENDA FIXA REFERENCIADO DI - FUNDO DE INVESTIMENTO	FI	2022-12-28	109770425787.35	295.912369	111272565863.69	48
01.597.187/0001-15	SPECIAL RENDA FIXA REFERENCIADO DI - FUNDO DE INVESTIMENTO	FI	2022-12-29	111327978338.68	296.071201	111350425968.57	48
01.597.187/0001-15	SPECIAL RENDA FIXA REFERENCIADO DI - FUNDO DE INVESTIMENTO	FI	2022-12-30	111546723439.51	296.231485	111556678524.16	48
01.608.573/0001-65	BB TOP RENDA FIXA CURTO PRAZO FUNDO DE INVESTIMENTO	FI	2022-12-01	83732662183.04	17.378607695	83732426154.83	35
01.608.573/0001-65	BB TOP RENDA FIXA CURTO PRAZO FUNDO DE INVESTIMENTO	FI	2022-12-02	84597236022.81	17.387266464	84596628195.0	35
01.608.573/0001-65	BB TOP RENDA FIXA CURTO PRAZO FUNDO DE INVESTIMENTO	FI	2022-12-05	82558730160.61	17.396028726	82558461099.38	35
01.608.573/0001-65	BB TOP RENDA FIXA CURTO PRAZO FUNDO DE INVESTIMENTO	FI	2022-12-06	81515189919.35	17.40468027	81514995453.24	35
01.608.573/0001-65	BB TOP RENDA FIXA CURTO PRAZO FUNDO DE INVESTIMENTO	FI	2022-12-07	81714028282.09	17.413483101	81713654143.47	36
01.608.573/0001-65	BB TOP RENDA FIXA CURTO PRAZO FUNDO DE INVESTIMENTO	FI	2022-12-08	82625734400.2	17.422346656	82625464216.38	36
01.608.573/0001-65	BB TOP RENDA FIXA CURTO PRAZO FUNDO DE INVESTIMENTO	FI	2022-12-09	86674481889.63	17.431173634	86675102292.16	35
01.608.573/0001-65	BB TOP RENDA FIXA CURTO PRAZO FUNDO DE INVESTIMENTO	FI	2022-12-12	83382980990.29	17.439820578	83384074289.92	35
01.608.573/0001-65	BB TOP RENDA FIXA CURTO PRAZO FUNDO DE INVESTIMENTO	FI	2022-12-13	84682527361.97	17.448315182	84682328895.35	35
01.608.573/0001-65	BB TOP RENDA FIXA CURTO PRAZO FUNDO DE INVESTIMENTO	FI	2022-12-14	86198082891.04	17.457124168	86198001351.55	35
01.608.573/0001-65	BB TOP RENDA FIXA CURTO PRAZO FUNDO DE INVESTIMENTO	FI	2022-12-15	84910201253.66	17.465940837	84910169386.14	35
01.608.573/0001-65	BB TOP RENDA FIXA CURTO PRAZO FUNDO DE INVESTIMENTO	FI	2022-12-16	83919493327.15	17.474722485	83919138820.93	35
01.608.573/0001-65	BB TOP RENDA FIXA CURTO PRAZO FUNDO DE INVESTIMENTO	FI	2022-12-19	81410922893.07	17.483550595	81410687090.6	35
01.608.573/0001-65	BB TOP RENDA FIXA CURTO PRAZO FUNDO DE INVESTIMENTO	FI	2022-12-20	79881882021.98	17.492332933	79881190762.91	36
01.608.573/0001-65	BB TOP RENDA FIXA CURTO PRAZO FUNDO DE INVESTIMENTO	FI	2022-12-21	79475495504.76	17.501218477	79474965028.08	36
01.608.573/0001-65	BB TOP RENDA FIXA CURTO PRAZO FUNDO DE INVESTIMENTO	FI	2022-12-22	78188267524.31	17.510079459	78187931486.39	36
01.608.573/0001-65	BB TOP RENDA FIXA CURTO PRAZO FUNDO DE INVESTIMENTO	FI	2022-12-23	77169818156.71	17.518893799	77169071058.81	37
01.608.573/0001-65	BB TOP RENDA FIXA CURTO PRAZO FUNDO DE INVESTIMENTO	FI	2022-12-26	76250662410.48	17.527790974	76250282778.29	37
01.608.573/0001-65	BB TOP RENDA FIXA CURTO PRAZO FUNDO DE INVESTIMENTO	FI	2022-12-27	76251387212.8	17.5365837	76251260175.23	36
01.608.573/0001-65	BB TOP RENDA FIXA CURTO PRAZO FUNDO DE INVESTIMENTO	FI	2022-12-28	75707526028.6	17.545348248	75707283148.94	36
01.608.573/0001-65	BB TOP RENDA FIXA CURTO PRAZO FUNDO DE INVESTIMENTO	FI	2022-12-29	74243998995.97	17.554101909	74243758622.3	36
01.608.573/0001-65	BB TOP RENDA FIXA CURTO PRAZO FUNDO DE INVESTIMENTO	FI	2022-12-30	76008036536.63	17.562855165	76007545655.29	36
02.266.145/0001-64	BB EXTRAMERCADO EXCLUSIVO FAT FUNDO DE INVESTIMENTO RENDA FIXA	FI	2022-12-01	52948920954.13	24.341770245	52948172693.34	2
02.266.145/0001-64	BB EXTRAMERCADO EXCLUSIVO FAT FUNDO DE INVESTIMENTO RENDA FIXA	FI	2022-12-02	52617067981.32	24.373000473	52616104627.02	2
02.266.145/0001-64	BB EXTRAMERCADO EXCLUSIVO FAT FUNDO DE INVESTIMENTO RENDA FIXA	FI	2022-12-05	52577702325.74	24.353848002	52576525585.95	2
02.266.145/0001-64	BB EXTRAMERCADO EXCLUSIVO FAT FUNDO DE INVESTIMENTO RENDA FIXA	FI	2022-12-06	52181724972.77	24.351177741	52180760870.33	2
02.266.145/0001-64	BB EXTRAMERCADO EXCLUSIVO FAT FUNDO DE INVESTIMENTO RENDA FIXA	FI	2022-12-07	52244592612.87	24.380430225	52243444362.15	2
02.266.145/0001-64	BB EXTRAMERCADO EXCLUSIVO FAT FUNDO DE INVESTIMENTO RENDA FIXA	FI	2022-12-08	52264382192.62	24.389566429	52263021817.63	2
02.266.145/0001-64	BB EXTRAMERCADO EXCLUSIVO FAT FUNDO DE INVESTIMENTO RENDA FIXA	FI	2022-12-09	52051883949.05	24.392027452	52050311423.21	2
02.266.145/0001-64	BB EXTRAMERCADO EXCLUSIVO FAT FUNDO DE INVESTIMENTO RENDA FIXA	FI	2022-12-12	52053640694.9	24.367677834	52051857066.69	2
02.266.145/0001-64	BB EXTRAMERCADO EXCLUSIVO FAT FUNDO DE INVESTIMENTO RENDA FIXA	FI	2022-12-13	51606410614.51	24.361993963	51604415735.61	2
02.266.145/0001-64	BB EXTRAMERCADO EXCLUSIVO FAT FUNDO DE INVESTIMENTO RENDA FIXA	FI	2022-12-14	52221416150.05	24.372170366	52219287610.76	2
02.266.145/0001-64	BB EXTRAMERCADO EXCLUSIVO FAT FUNDO DE INVESTIMENTO RENDA FIXA	FI	2022-12-15	52286441167.83	24.404753914	52284100420.75	2
02.266.145/0001-64	BB EXTRAMERCADO EXCLUSIVO FAT FUNDO DE INVESTIMENTO RENDA FIXA	FI	2022-12-16	52099700598.15	24.40150856	52097147660.22	2
02.266.145/0001-64	BB EXTRAMERCADO EXCLUSIVO FAT FUNDO DE INVESTIMENTO RENDA FIXA	FI	2022-12-19	52118401687.94	24.410168783	52115637210.2	2
02.266.145/0001-64	BB EXTRAMERCADO EXCLUSIVO FAT FUNDO DE INVESTIMENTO RENDA FIXA	FI	2022-12-20	52198308830.59	24.44749685	52195332521.05	2
02.266.145/0001-64	BB EXTRAMERCADO EXCLUSIVO FAT FUNDO DE INVESTIMENTO RENDA FIXA	FI	2022-12-21	52221866949.22	24.459649636	52218678683.62	2
02.266.145/0001-64	BB EXTRAMERCADO EXCLUSIVO FAT FUNDO DE INVESTIMENTO RENDA FIXA	FI	2022-12-22	51757464052.6	24.490276457	51754063597.41	2
02.266.145/0001-64	BB EXTRAMERCADO EXCLUSIVO FAT FUNDO DE INVESTIMENTO RENDA FIXA	FI	2022-12-23	47534012295.86	24.527575705	47530401446.83	2
02.266.145/0001-64	BB EXTRAMERCADO EXCLUSIVO FAT FUNDO DE INVESTIMENTO RENDA FIXA	FI	2022-12-26	46800998547.26	24.534167005	46797194300.88	2
02.266.145/0001-64	BB EXTRAMERCADO EXCLUSIVO FAT FUNDO DE INVESTIMENTO RENDA FIXA	FI	2022-12-27	46823802495.96	24.551265089	46819807690.95	2
02.266.145/0001-64	BB EXTRAMERCADO EXCLUSIVO FAT FUNDO DE INVESTIMENTO RENDA FIXA	FI	2022-12-28	46998971171.49	24.599391469	46994785506.79	2
02.266.145/0001-64	BB EXTRAMERCADO EXCLUSIVO FAT FUNDO DE INVESTIMENTO RENDA FIXA	FI	2022-12-29	48128665393.21	24.614887083	48124288396.55	2
02.266.145/0001-64	BB EXTRAMERCADO EXCLUSIVO FAT FUNDO DE INVESTIMENTO RENDA FIXA	FI	2022-12-30	48152480038.62	24.62696779	48147907249.16	2
02.513.875/0001-12	FUNDO DE INVESTIMENTO TESOURO RENDA FIXA	FI	2022-12-01	53774146258.26	20.005370998	53773442793.66	1
02.513.875/0001-12	FUNDO DE INVESTIMENTO TESOURO RENDA FIXA	FI	2022-12-02	54153486461.93	20.015587266	54152565130.86	1
02.513.875/0001-12	FUNDO DE INVESTIMENTO TESOURO RENDA FIXA	FI	2022-12-05	52192131252.34	20.025555982	52190990550.34	1
02.513.875/0001-12	FUNDO DE INVESTIMENTO TESOURO RENDA FIXA	FI	2022-12-06	49186119328.49	20.035576655	49185162158.21	1
02.513.875/0001-12	FUNDO DE INVESTIMENTO TESOURO RENDA FIXA	FI	2022-12-07	48934510149.35	20.045720615	48933381043.37	1
02.513.875/0001-12	FUNDO DE INVESTIMENTO TESOURO RENDA FIXA	FI	2022-12-08	48444723877.81	20.055743935	48443396111.95	1
02.513.875/0001-12	FUNDO DE INVESTIMENTO TESOURO RENDA FIXA	FI	2022-12-09	48502992545.88	20.065757438	48501468064.52	1
02.513.875/0001-12	FUNDO DE INVESTIMENTO TESOURO RENDA FIXA	FI	2022-12-12	48302060472.79	20.075551651	48300339045.5	1
02.513.875/0001-12	FUNDO DE INVESTIMENTO TESOURO RENDA FIXA	FI	2022-12-13	48060401292.5	20.085526872	48058483717.4	1
02.513.875/0001-12	FUNDO DE INVESTIMENTO TESOURO RENDA FIXA	FI	2022-12-14	48267650038.21	20.095554391	48265607167.25	1
02.513.875/0001-12	FUNDO DE INVESTIMENTO TESOURO RENDA FIXA	FI	2022-12-15	47656695893.62	20.10577827	47654457012.67	1
02.513.875/0001-12	FUNDO DE INVESTIMENTO TESOURO RENDA FIXA	FI	2022-12-16	48096600759.02	20.115823679	48094168293.29	1
02.513.875/0001-12	FUNDO DE INVESTIMENTO TESOURO RENDA FIXA	FI	2022-12-19	48248505661.44	20.125793547	48245877866.03	1
02.513.875/0001-12	FUNDO DE INVESTIMENTO TESOURO RENDA FIXA	FI	2022-12-20	46765185944.34	20.135918785	46762362217.24	1
02.513.875/0001-12	FUNDO DE INVESTIMENTO TESOURO RENDA FIXA	FI	2022-12-21	50643080405.12	20.146075697	50640066633.3	1
02.513.875/0001-12	FUNDO DE INVESTIMENTO TESOURO RENDA FIXA	FI	2022-12-22	50852378871.01	20.156357004	50849159666.76	1
02.513.875/0001-12	FUNDO DE INVESTIMENTO TESOURO RENDA FIXA	FI	2022-12-23	50707340217.68	20.166645812	50703914751.26	1
02.513.875/0001-12	FUNDO DE INVESTIMENTO TESOURO RENDA FIXA	FI	2022-12-26	49007271214.97	20.176790162	49003640062.75	1
02.513.875/0001-12	FUNDO DE INVESTIMENTO TESOURO RENDA FIXA	FI	2022-12-27	50049034261.36	20.187051227	50045204170.46	1
02.513.875/0001-12	FUNDO DE INVESTIMENTO TESOURO RENDA FIXA	FI	2022-12-28	49169612704.77	20.1974418	49165579542.0	1
02.513.875/0001-12	FUNDO DE INVESTIMENTO TESOURO RENDA FIXA	FI	2022-12-29	49228299707.05	20.207734465	49224067579.96	1
02.513.875/0001-12	FUNDO DE INVESTIMENTO TESOURO RENDA FIXA	FI	2022-12-30	49883004265.94	20.217931773	49878572354.83	1
03.389.374/0001-39	BB TOP RF ARROJADO FUNDO DE INVESTIMENTO RENDA FIXA LONGO PRAZO	FI	2022-12-01	59143880039.1	14.905159913	59143193882.72	76
03.389.374/0001-39	BB TOP RF ARROJADO FUNDO DE INVESTIMENTO RENDA FIXA LONGO PRAZO	FI	2022-12-02	59327028675.87	14.914152888	59326310019.06	76
03.389.374/0001-39	BB TOP RF ARROJADO FUNDO DE INVESTIMENTO RENDA FIXA LONGO PRAZO	FI	2022-12-05	59622781915.53	14.921074643	59622031184.34	76
03.389.374/0001-39	BB TOP RF ARROJADO FUNDO DE INVESTIMENTO RENDA FIXA LONGO PRAZO	FI	2022-12-06	60250168735.04	14.928723089	60249854124.02	76
03.389.374/0001-39	BB TOP RF ARROJADO FUNDO DE INVESTIMENTO RENDA FIXA LONGO PRAZO	FI	2022-12-07	60535038400.8	14.937172066	60534832108.25	76
03.389.374/0001-39	BB TOP RF ARROJADO FUNDO DE INVESTIMENTO RENDA FIXA LONGO PRAZO	FI	2022-12-08	60653890570.89	14.944547237	60653647156.69	76
03.389.374/0001-39	BB TOP RF ARROJADO FUNDO DE INVESTIMENTO RENDA FIXA LONGO PRAZO	FI	2022-12-09	60838208076.91	14.952325201	60837931812.27	76
03.389.374/0001-39	BB TOP RF ARROJADO FUNDO DE INVESTIMENTO RENDA FIXA LONGO PRAZO	FI	2022-12-12	61120205986.79	14.958620389	61120030305.71	76
03.389.374/0001-39	BB TOP RF ARROJADO FUNDO DE INVESTIMENTO RENDA FIXA LONGO PRAZO	FI	2022-12-13	60983578914.77	14.965369682	60983236442.97	76
03.389.374/0001-39	BB TOP RF ARROJADO FUNDO DE INVESTIMENTO RENDA FIXA LONGO PRAZO	FI	2022-12-14	61000448596.74	14.972237995	61000121981.15	76
03.389.374/0001-39	BB TOP RF ARROJADO FUNDO DE INVESTIMENTO RENDA FIXA LONGO PRAZO	FI	2022-12-15	60628014874.55	14.980750358	60627654994.77	77
03.389.374/0001-39	BB TOP RF ARROJADO FUNDO DE INVESTIMENTO RENDA FIXA LONGO PRAZO	FI	2022-12-16	60706946584.38	14.987453898	60706554140.72	77
03.389.374/0001-39	BB TOP RF ARROJADO FUNDO DE INVESTIMENTO RENDA FIXA LONGO PRAZO	FI	2022-12-19	60481833292.5	14.995574169	60481382561.08	78
03.389.374/0001-39	BB TOP RF ARROJADO FUNDO DE INVESTIMENTO RENDA FIXA LONGO PRAZO	FI	2022-12-20	59802100920.41	15.005465651	59801642851.26	78
03.389.374/0001-39	BB TOP RF ARROJADO FUNDO DE INVESTIMENTO RENDA FIXA LONGO PRAZO	FI	2022-12-21	59832091613.65	15.013907646	59831601010.72	78
03.389.374/0001-39	BB TOP RF ARROJADO FUNDO DE INVESTIMENTO RENDA FIXA LONGO PRAZO	FI	2022-12-22	59646479325.26	15.023104099	59645956191.48	77
03.389.374/0001-39	BB TOP RF ARROJADO FUNDO DE INVESTIMENTO RENDA FIXA LONGO PRAZO	FI	2022-12-23	60128912468.96	15.031808548	60128356898.69	77
03.389.374/0001-39	BB TOP RF ARROJADO FUNDO DE INVESTIMENTO RENDA FIXA LONGO PRAZO	FI	2022-12-26	60067250991.4	15.038989507	60066662769.47	77
03.389.374/0001-39	BB TOP RF ARROJADO FUNDO DE INVESTIMENTO RENDA FIXA LONGO PRAZO	FI	2022-12-27	59766298250.6	15.047249569	59765677423.69	78
03.389.374/0001-39	BB TOP RF ARROJADO FUNDO DE INVESTIMENTO RENDA FIXA LONGO PRAZO	FI	2022-12-28	59447462590.09	15.056274629	59446802906.01	78
03.389.374/0001-39	BB TOP RF ARROJADO FUNDO DE INVESTIMENTO RENDA FIXA LONGO PRAZO	FI	2022-12-29	59409137373.09	15.064326482	59408453063.58	80
03.389.374/0001-39	BB TOP RF ARROJADO FUNDO DE INVESTIMENTO RENDA FIXA LONGO PRAZO	FI	2022-12-30	59188448532.22	15.072260622	59187731923.05	80
03.737.219/0001-66	FUNDO DE INVESTIMENTO PREVIDENCIARIO CAIXA PREVINVEST RENDA FIXA GESTAO	FI	2022-12-01	56590583868.01	5.4372702	56624375626.56	9
03.737.219/0001-66	FUNDO DE INVESTIMENTO PREVIDENCIARIO CAIXA PREVINVEST RENDA FIXA GESTAO	FI	2022-12-02	56660666280.86	5.4392621	56605903070.06	9
03.737.219/0001-66	FUNDO DE INVESTIMENTO PREVIDENCIARIO CAIXA PREVINVEST RENDA FIXA GESTAO	FI	2022-12-05	56522965006.25	5.4428824	56590617526.31	9
03.737.219/0001-66	FUNDO DE INVESTIMENTO PREVIDENCIARIO CAIXA PREVINVEST RENDA FIXA GESTAO	FI	2022-12-06	56570428017.38	5.4449127	56603081557.14	9
03.737.219/0001-66	FUNDO DE INVESTIMENTO PREVIDENCIARIO CAIXA PREVINVEST RENDA FIXA GESTAO	FI	2022-12-07	56550589515.28	5.446574	56523086212.35	9
03.737.219/0001-66	FUNDO DE INVESTIMENTO PREVIDENCIARIO CAIXA PREVINVEST RENDA FIXA GESTAO	FI	2022-12-08	56499927439.95	5.4495348	56512403058.32	9
03.737.219/0001-66	FUNDO DE INVESTIMENTO PREVIDENCIARIO CAIXA PREVINVEST RENDA FIXA GESTAO	FI	2022-12-09	56462882633.87	5.4520539	56490753063.65	9
03.737.219/0001-66	FUNDO DE INVESTIMENTO PREVIDENCIARIO CAIXA PREVINVEST RENDA FIXA GESTAO	FI	2022-12-12	56414645944.56	5.4543907	56498476971.02	9
03.737.219/0001-66	FUNDO DE INVESTIMENTO PREVIDENCIARIO CAIXA PREVINVEST RENDA FIXA GESTAO	FI	2022-12-13	56440532377.71	5.4563234	56496355212.98	9
03.737.219/0001-66	FUNDO DE INVESTIMENTO PREVIDENCIARIO CAIXA PREVINVEST RENDA FIXA GESTAO	FI	2022-12-14	56463328425.49	5.4587655	56502949471.24	9
03.737.219/0001-66	FUNDO DE INVESTIMENTO PREVIDENCIARIO CAIXA PREVINVEST RENDA FIXA GESTAO	FI	2022-12-15	56540200216.25	5.4606292	56491823168.34	9
03.737.219/0001-66	FUNDO DE INVESTIMENTO PREVIDENCIARIO CAIXA PREVINVEST RENDA FIXA GESTAO	FI	2022-12-16	56468274122.4	5.4635963	56522518924.32	9
03.737.219/0001-66	FUNDO DE INVESTIMENTO PREVIDENCIARIO CAIXA PREVINVEST RENDA FIXA GESTAO	FI	2022-12-19	56456223132.71	5.4658568	56455031256.14	9
03.737.219/0001-66	FUNDO DE INVESTIMENTO PREVIDENCIARIO CAIXA PREVINVEST RENDA FIXA GESTAO	FI	2022-12-20	56548037282.46	5.4685694	56459721902.3	9
03.737.219/0001-66	FUNDO DE INVESTIMENTO PREVIDENCIARIO CAIXA PREVINVEST RENDA FIXA GESTAO	FI	2022-12-21	56503426319.67	5.472036	56495113359.06	9
03.737.219/0001-66	FUNDO DE INVESTIMENTO PREVIDENCIARIO CAIXA PREVINVEST RENDA FIXA GESTAO	FI	2022-12-22	56527185990.3	5.4749844	56495648247.32	9
03.737.219/0001-66	FUNDO DE INVESTIMENTO PREVIDENCIARIO CAIXA PREVINVEST RENDA FIXA GESTAO	FI	2022-12-23	56535773268.87	5.4784166	56483770473.93	9
03.737.219/0001-66	FUNDO DE INVESTIMENTO PREVIDENCIARIO CAIXA PREVINVEST RENDA FIXA GESTAO	FI	2022-12-26	56472303496.96	5.4815356	56487090531.41	9
03.737.219/0001-66	FUNDO DE INVESTIMENTO PREVIDENCIARIO CAIXA PREVINVEST RENDA FIXA GESTAO	FI	2022-12-27	56508499348.43	5.4844935	56508414328.26	9
03.737.219/0001-66	FUNDO DE INVESTIMENTO PREVIDENCIARIO CAIXA PREVINVEST RENDA FIXA GESTAO	FI	2022-12-28	56571706291.16	5.4872448	56503917458.98	9
03.737.219/0001-66	FUNDO DE INVESTIMENTO PREVIDENCIARIO CAIXA PREVINVEST RENDA FIXA GESTAO	FI	2022-12-29	54413566206.08	5.4910824	56549353885.54	9
03.737.219/0001-66	FUNDO DE INVESTIMENTO PREVIDENCIARIO CAIXA PREVINVEST RENDA FIXA GESTAO	FI	2022-12-30	54440733802.54	5.4942238	56581705709.96	9
07.103.364/0001-46	ITAU FLEXPREV RENDA FIXA - FUNDO DE INVESTIMENTO	FI	2022-12-01	45217922415.21	5.412616	45279721423.08	97
07.103.364/0001-46	ITAU FLEXPREV RENDA FIXA - FUNDO DE INVESTIMENTO	FI	2022-12-02	45378637971.2	5.413712	45262254099.91	97
07.103.364/0001-46	ITAU FLEXPREV RENDA FIXA - FUNDO DE INVESTIMENTO	FI	2022-12-05	45152259649.98	5.417978	45263894890.7	97
07.103.364/0001-46	ITAU FLEXPREV RENDA FIXA - FUNDO DE INVESTIMENTO	FI	2022-12-06	45189411770.16	5.41742	45240767835.82	97
07.103.364/0001-46	ITAU FLEXPREV RENDA FIXA - FUNDO DE INVESTIMENTO	FI	2022-12-07	45299039625.4	5.418031	45233775953.57	97
07.103.364/0001-46	ITAU FLEXPREV RENDA FIXA - FUNDO DE INVESTIMENTO	FI	2022-12-08	45210253994.23	5.421462	45234405383.49	97
07.103.364/0001-46	ITAU FLEXPREV RENDA FIXA - FUNDO DE INVESTIMENTO	FI	2022-12-09	45179805432.84	5.423705	45205065048.26	97
07.103.364/0001-46	ITAU FLEXPREV RENDA FIXA - FUNDO DE INVESTIMENTO	FI	2022-12-12	45028573881.87	5.424424	45187851388.92	97
07.103.364/0001-46	ITAU FLEXPREV RENDA FIXA - FUNDO DE INVESTIMENTO	FI	2022-12-13	45009613659.79	5.423533	45117225171.7	97
07.103.364/0001-46	ITAU FLEXPREV RENDA FIXA - FUNDO DE INVESTIMENTO	FI	2022-12-14	44982829999.45	5.424512	45068760475.32	97
07.103.364/0001-46	ITAU FLEXPREV RENDA FIXA - FUNDO DE INVESTIMENTO	FI	2022-12-15	45145818206.0	5.426269	45043693541.7	97
07.103.364/0001-46	ITAU FLEXPREV RENDA FIXA - FUNDO DE INVESTIMENTO	FI	2022-12-16	44969005264.11	5.429744	45055190188.02	97
07.103.364/0001-46	ITAU FLEXPREV RENDA FIXA - FUNDO DE INVESTIMENTO	FI	2022-12-19	45042009224.97	5.430272	45031654000.66	97
07.103.364/0001-46	ITAU FLEXPREV RENDA FIXA - FUNDO DE INVESTIMENTO	FI	2022-12-20	45250378183.45	5.432133	45093618987.54	97
07.103.364/0001-46	ITAU FLEXPREV RENDA FIXA - FUNDO DE INVESTIMENTO	FI	2022-12-21	45125730578.2	5.437169	45100168378.65	97
07.103.364/0001-46	ITAU FLEXPREV RENDA FIXA - FUNDO DE INVESTIMENTO	FI	2022-12-22	45203569109.59	5.43933	45135947412.24	97
07.103.364/0001-46	ITAU FLEXPREV RENDA FIXA - FUNDO DE INVESTIMENTO	FI	2022-12-23	45287257063.4	5.443521	45195692799.87	97
07.103.364/0001-46	ITAU FLEXPREV RENDA FIXA - FUNDO DE INVESTIMENTO	FI	2022-12-26	45176139772.38	5.448485	45213419103.35	97
07.103.364/0001-46	ITAU FLEXPREV RENDA FIXA - FUNDO DE INVESTIMENTO	FI	2022-12-27	45237528017.42	5.451412	45230169543.24	97
07.103.364/0001-46	ITAU FLEXPREV RENDA FIXA - FUNDO DE INVESTIMENTO	FI	2022-12-28	45372036692.23	5.45469	45259579578.09	97
07.103.364/0001-46	ITAU FLEXPREV RENDA FIXA - FUNDO DE INVESTIMENTO	FI	2022-12-29	45303711834.71	5.460739	45280030442.86	97
07.103.364/0001-46	ITAU FLEXPREV RENDA FIXA - FUNDO DE INVESTIMENTO	FI	2022-12-30	45285960675.0	5.463772	45264988058.57	97
07.187.548/0001-31	BRADESCO FUNDO DE INVESTIMENTO RENDA FIXA MASTER II PREVIDENCIA	FI	2022-12-01	48173345266.07	5.36629448	48189175546.27	35
07.187.548/0001-31	BRADESCO FUNDO DE INVESTIMENTO RENDA FIXA MASTER II PREVIDENCIA	FI	2022-12-02	48160423570.72	5.36733618	48141793672.52	35
07.187.548/0001-31	BRADESCO FUNDO DE INVESTIMENTO RENDA FIXA MASTER II PREVIDENCIA	FI	2022-12-05	48103597331.17	5.371701	48132385749.96	35
07.187.548/0001-31	BRADESCO FUNDO DE INVESTIMENTO RENDA FIXA MASTER II PREVIDENCIA	FI	2022-12-06	48077203800.19	5.37128561	48096798537.32	35
07.187.548/0001-31	BRADESCO FUNDO DE INVESTIMENTO RENDA FIXA MASTER II PREVIDENCIA	FI	2022-12-07	48070286428.64	5.37201122	48061977136.41	35
07.187.548/0001-31	BRADESCO FUNDO DE INVESTIMENTO RENDA FIXA MASTER II PREVIDENCIA	FI	2022-12-08	48028281833.49	5.37591985	48036494912.4	35
07.187.548/0001-31	BRADESCO FUNDO DE INVESTIMENTO RENDA FIXA MASTER II PREVIDENCIA	FI	2022-12-09	47976944545.6	5.37804132	47991247467.41	35
07.187.548/0001-31	BRADESCO FUNDO DE INVESTIMENTO RENDA FIXA MASTER II PREVIDENCIA	FI	2022-12-12	47921315818.01	5.379342	47953847975.51	35
07.187.548/0001-31	BRADESCO FUNDO DE INVESTIMENTO RENDA FIXA MASTER II PREVIDENCIA	FI	2022-12-13	47906869649.41	5.37861859	47925847595.05	35
07.187.548/0001-31	BRADESCO FUNDO DE INVESTIMENTO RENDA FIXA MASTER II PREVIDENCIA	FI	2022-12-14	47871156765.08	5.37961233	47881077770.92	35
07.187.548/0001-31	BRADESCO FUNDO DE INVESTIMENTO RENDA FIXA MASTER II PREVIDENCIA	FI	2022-12-15	47862491485.43	5.38187516	47849589639.43	35
07.187.548/0001-31	BRADESCO FUNDO DE INVESTIMENTO RENDA FIXA MASTER II PREVIDENCIA	FI	2022-12-16	47822607298.37	5.38589855	47842377885.06	35
07.187.548/0001-31	BRADESCO FUNDO DE INVESTIMENTO RENDA FIXA MASTER II PREVIDENCIA	FI	2022-12-19	47823021534.73	5.38684356	47826808912.64	35
07.187.548/0001-31	BRADESCO FUNDO DE INVESTIMENTO RENDA FIXA MASTER II PREVIDENCIA	FI	2022-12-20	47896196858.62	5.38897708	47868034127.54	35
07.187.548/0001-31	BRADESCO FUNDO DE INVESTIMENTO RENDA FIXA MASTER II PREVIDENCIA	FI	2022-12-21	47805565146.19	5.39411619	47806444552.63	35
07.187.548/0001-31	BRADESCO FUNDO DE INVESTIMENTO RENDA FIXA MASTER II PREVIDENCIA	FI	2022-12-22	47807755331.69	5.39648416	47793966176.58	35
07.187.548/0001-31	BRADESCO FUNDO DE INVESTIMENTO RENDA FIXA MASTER II PREVIDENCIA	FI	2022-12-23	47816983087.28	5.40126413	47795343801.74	35
07.187.548/0001-31	BRADESCO FUNDO DE INVESTIMENTO RENDA FIXA MASTER II PREVIDENCIA	FI	2022-12-26	47791720089.21	5.40700135	47792697885.2	35
07.187.548/0001-31	BRADESCO FUNDO DE INVESTIMENTO RENDA FIXA MASTER II PREVIDENCIA	FI	2022-12-27	47835620818.27	5.40932411	47832461854.09	35
07.187.548/0001-31	BRADESCO FUNDO DE INVESTIMENTO RENDA FIXA MASTER II PREVIDENCIA	FI	2022-12-28	47863239183.61	5.41253726	47830691999.14	35
07.187.548/0001-31	BRADESCO FUNDO DE INVESTIMENTO RENDA FIXA MASTER II PREVIDENCIA	FI	2022-12-29	47864628533.31	5.41884129	47859453976.98	35
07.187.548/0001-31	BRADESCO FUNDO DE INVESTIMENTO RENDA FIXA MASTER II PREVIDENCIA	FI	2022-12-30	47888941581.94	5.42198124	47887186146.5	35
07.593.972/0001-86	BRASILPREV TOP TPF FUNDO DE INVESTIMENTO RENDA FIXA	FI	2022-12-01	138632306004.07	5.273803	138632076242.32	280
07.593.972/0001-86	BRASILPREV TOP TPF FUNDO DE INVESTIMENTO RENDA FIXA	FI	2022-12-02	138586821378.78	5.276499	138586591948.97	279
07.593.972/0001-86	BRASILPREV TOP TPF FUNDO DE INVESTIMENTO RENDA FIXA	FI	2022-12-05	138697728837.59	5.279129	138697487034.85	279
07.593.972/0001-86	BRASILPREV TOP TPF FUNDO DE INVESTIMENTO RENDA FIXA	FI	2022-12-06	138633492723.84	5.281675	138633226118.93	279
07.593.972/0001-86	BRASILPREV TOP TPF FUNDO DE INVESTIMENTO RENDA FIXA	FI	2022-12-07	138455918296.56	5.28422	138455685943.44	279
07.593.972/0001-86	BRASILPREV TOP TPF FUNDO DE INVESTIMENTO RENDA FIXA	FI	2022-12-08	138555308159.53	5.286735	138555070218.91	279
07.593.972/0001-86	BRASILPREV TOP TPF FUNDO DE INVESTIMENTO RENDA FIXA	FI	2022-12-09	138679987828.61	5.289277	138679732079.62	279
07.593.972/0001-86	BRASILPREV TOP TPF FUNDO DE INVESTIMENTO RENDA FIXA	FI	2022-12-12	138732949153.58	5.291711	138732685795.24	279
07.593.972/0001-86	BRASILPREV TOP TPF FUNDO DE INVESTIMENTO RENDA FIXA	FI	2022-12-13	138608652106.1	5.294279	138608372051.25	280
07.593.972/0001-86	BRASILPREV TOP TPF FUNDO DE INVESTIMENTO RENDA FIXA	FI	2022-12-14	138629522870.08	5.29679	138629403556.69	270
07.593.972/0001-86	BRASILPREV TOP TPF FUNDO DE INVESTIMENTO RENDA FIXA	FI	2022-12-15	138861180445.13	5.299246	138861076891.52	270
07.593.972/0001-86	BRASILPREV TOP TPF FUNDO DE INVESTIMENTO RENDA FIXA	FI	2022-12-16	138967843518.99	5.301792	138967720673.24	270
07.593.972/0001-86	BRASILPREV TOP TPF FUNDO DE INVESTIMENTO RENDA FIXA	FI	2022-12-19	139051800770.04	5.30418	139051659059.85	270
07.593.972/0001-86	BRASILPREV TOP TPF FUNDO DE INVESTIMENTO RENDA FIXA	FI	2022-12-20	138995302169.97	5.306541	138995154799.78	271
07.593.972/0001-86	BRASILPREV TOP TPF FUNDO DE INVESTIMENTO RENDA FIXA	FI	2022-12-21	139185590483.76	5.309108	139185441621.43	271
07.593.972/0001-86	BRASILPREV TOP TPF FUNDO DE INVESTIMENTO RENDA FIXA	FI	2022-12-22	139124103034.27	5.31183	139123932107.77	271
07.593.972/0001-86	BRASILPREV TOP TPF FUNDO DE INVESTIMENTO RENDA FIXA	FI	2022-12-23	139326546125.39	5.314563	139326362907.09	271
07.593.972/0001-86	BRASILPREV TOP TPF FUNDO DE INVESTIMENTO RENDA FIXA	FI	2022-12-26	139347297377.02	5.317271	139347118430.24	271
07.593.972/0001-86	BRASILPREV TOP TPF FUNDO DE INVESTIMENTO RENDA FIXA	FI	2022-12-27	139375347121.23	5.320014	139375152620.04	271
07.593.972/0001-86	BRASILPREV TOP TPF FUNDO DE INVESTIMENTO RENDA FIXA	FI	2022-12-28	139438048211.95	5.322714	139437832235.89	270
07.593.972/0001-86	BRASILPREV TOP TPF FUNDO DE INVESTIMENTO RENDA FIXA	FI	2022-12-29	139862419648.07	5.325565	139862209079.49	270
07.593.972/0001-86	BRASILPREV TOP TPF FUNDO DE INVESTIMENTO RENDA FIXA	FI	2022-12-30	139962212908.93	5.328289	139961978951.53	270
10.583.909/0001-73	BRADESCO FUNDO DE INVESTIMENTO RENDA FIXA CREDITO PRIVADO MASTER	FI	2022-12-01	60938184510.67	3.3770367	60937496985.46	93
10.583.909/0001-73	BRADESCO FUNDO DE INVESTIMENTO RENDA FIXA CREDITO PRIVADO MASTER	FI	2022-12-02	60952952061.55	3.3787731	60949914752.58	93
10.583.909/0001-73	BRADESCO FUNDO DE INVESTIMENTO RENDA FIXA CREDITO PRIVADO MASTER	FI	2022-12-05	60953836924.9	3.3805819	60953295524.57	93
10.583.909/0001-73	BRADESCO FUNDO DE INVESTIMENTO RENDA FIXA CREDITO PRIVADO MASTER	FI	2022-12-06	60997462172.04	3.3823367	60996839960.66	93
10.583.909/0001-73	BRADESCO FUNDO DE INVESTIMENTO RENDA FIXA CREDITO PRIVADO MASTER	FI	2022-12-07	60976114695.67	3.384053	60975967038.04	93
10.583.909/0001-73	BRADESCO FUNDO DE INVESTIMENTO RENDA FIXA CREDITO PRIVADO MASTER	FI	2022-12-08	60967952214.21	3.3857501	60968099838.94	93
10.583.909/0001-73	BRADESCO FUNDO DE INVESTIMENTO RENDA FIXA CREDITO PRIVADO MASTER	FI	2022-12-09	61008585227.65	3.3874616	61008681790.65	93
10.583.909/0001-73	BRADESCO FUNDO DE INVESTIMENTO RENDA FIXA CREDITO PRIVADO MASTER	FI	2022-12-12	60949331751.84	3.3891824	60950673850.78	92
10.583.909/0001-73	BRADESCO FUNDO DE INVESTIMENTO RENDA FIXA CREDITO PRIVADO MASTER	FI	2022-12-13	60986433484.67	3.3908782	60986131436.37	92
10.583.909/0001-73	BRADESCO FUNDO DE INVESTIMENTO RENDA FIXA CREDITO PRIVADO MASTER	FI	2022-12-14	60988889459.83	3.392638	60989033016.41	92
10.583.909/0001-73	BRADESCO FUNDO DE INVESTIMENTO RENDA FIXA CREDITO PRIVADO MASTER	FI	2022-12-15	60986768035.92	3.3943475	60986437758.09	92
10.583.909/0001-73	BRADESCO FUNDO DE INVESTIMENTO RENDA FIXA CREDITO PRIVADO MASTER	FI	2022-12-16	60966784684.02	3.3960361	60967422685.96	92
10.583.909/0001-73	BRADESCO FUNDO DE INVESTIMENTO RENDA FIXA CREDITO PRIVADO MASTER	FI	2022-12-19	60975146388.12	3.3977348	60976338265.43	92
10.583.909/0001-73	BRADESCO FUNDO DE INVESTIMENTO RENDA FIXA CREDITO PRIVADO MASTER	FI	2022-12-20	60983158751.81	3.3993764	60983436355.49	92
10.583.909/0001-73	BRADESCO FUNDO DE INVESTIMENTO RENDA FIXA CREDITO PRIVADO MASTER	FI	2022-12-21	60990014183.76	3.4010277	60989403308.73	92
10.583.909/0001-73	BRADESCO FUNDO DE INVESTIMENTO RENDA FIXA CREDITO PRIVADO MASTER	FI	2022-12-22	61017399369.14	3.4027718	61015360670.44	92
10.583.909/0001-73	BRADESCO FUNDO DE INVESTIMENTO RENDA FIXA CREDITO PRIVADO MASTER	FI	2022-12-23	61003938578.06	3.4045745	61001249026.02	92
10.583.909/0001-73	BRADESCO FUNDO DE INVESTIMENTO RENDA FIXA CREDITO PRIVADO MASTER	FI	2022-12-26	61010200786.79	3.4063882	61009009776.79	92
10.583.909/0001-73	BRADESCO FUNDO DE INVESTIMENTO RENDA FIXA CREDITO PRIVADO MASTER	FI	2022-12-27	60991758025.76	3.4081737	60989917868.74	92
10.583.909/0001-73	BRADESCO FUNDO DE INVESTIMENTO RENDA FIXA CREDITO PRIVADO MASTER	FI	2022-12-28	61045031241.39	3.4099771	61042983882.14	92
10.583.909/0001-73	BRADESCO FUNDO DE INVESTIMENTO RENDA FIXA CREDITO PRIVADO MASTER	FI	2022-12-29	61051538388.88	3.411761	61049498108.81	91
10.583.909/0001-73	BRADESCO FUNDO DE INVESTIMENTO RENDA FIXA CREDITO PRIVADO MASTER	FI	2022-12-30	61083665096.31	3.4135722	61081908154.13	91
26.199.519/0001-34	ITAU PRIVILEGE RENDA FIXA REFERENCIADO DI FUNDO DE INV EM COTAS DE FUNDOS DE INV	FI	2022-12-01	47925775827.56	15.025779	47564981125.59	281433
26.199.519/0001-34	ITAU PRIVILEGE RENDA FIXA REFERENCIADO DI FUNDO DE INV EM COTAS DE FUNDOS DE INV	FI	2022-12-02	47974382464.46	15.033815	47613237826.94	281620
26.199.519/0001-34	ITAU PRIVILEGE RENDA FIXA REFERENCIADO DI FUNDO DE INV EM COTAS DE FUNDOS DE INV	FI	2022-12-05	47609619992.94	15.041607	47607923329.55	281677
26.199.519/0001-34	ITAU PRIVILEGE RENDA FIXA REFERENCIADO DI FUNDO DE INV EM COTAS DE FUNDOS DE INV	FI	2022-12-06	47678337470.7	15.049323	47676070871.12	281831
26.199.519/0001-34	ITAU PRIVILEGE RENDA FIXA REFERENCIADO DI FUNDO DE INV EM COTAS DE FUNDOS DE INV	FI	2022-12-07	47739801608.47	15.056969	47736976122.93	282042
26.199.519/0001-34	ITAU PRIVILEGE RENDA FIXA REFERENCIADO DI FUNDO DE INV EM COTAS DE FUNDOS DE INV	FI	2022-12-08	47801747316.63	15.064585	47798343949.67	282193
26.199.519/0001-34	ITAU PRIVILEGE RENDA FIXA REFERENCIADO DI FUNDO DE INV EM COTAS DE FUNDOS DE INV	FI	2022-12-09	47885634380.51	15.072197	47881664634.17	282323
26.199.519/0001-34	ITAU PRIVILEGE RENDA FIXA REFERENCIADO DI FUNDO DE INV EM COTAS DE FUNDOS DE INV	FI	2022-12-12	47853837756.55	15.079863	47849303975.13	282336
26.199.519/0001-34	ITAU PRIVILEGE RENDA FIXA REFERENCIADO DI FUNDO DE INV EM COTAS DE FUNDOS DE INV	FI	2022-12-13	47861921002.41	15.087456	47856807717.0	282523
26.199.519/0001-34	ITAU PRIVILEGE RENDA FIXA REFERENCIADO DI FUNDO DE INV EM COTAS DE FUNDOS DE INV	FI	2022-12-14	47932746848.76	15.095117	47927067731.56	282776
26.199.519/0001-34	ITAU PRIVILEGE RENDA FIXA REFERENCIADO DI FUNDO DE INV EM COTAS DE FUNDOS DE INV	FI	2022-12-15	48013779060.66	15.102641	48007525811.99	283003
26.199.519/0001-34	ITAU PRIVILEGE RENDA FIXA REFERENCIADO DI FUNDO DE INV EM COTAS DE FUNDOS DE INV	FI	2022-12-16	48134015270.92	15.109364	48127195325.81	283265
26.199.519/0001-34	ITAU PRIVILEGE RENDA FIXA REFERENCIADO DI FUNDO DE INV EM COTAS DE FUNDOS DE INV	FI	2022-12-19	48114306288.78	15.118238	48106922669.26	283371
26.199.519/0001-34	ITAU PRIVILEGE RENDA FIXA REFERENCIADO DI FUNDO DE INV EM COTAS DE FUNDOS DE INV	FI	2022-12-20	48181146575.83	15.126062	48173184041.44	283742
26.199.519/0001-34	ITAU PRIVILEGE RENDA FIXA REFERENCIADO DI FUNDO DE INV EM COTAS DE FUNDOS DE INV	FI	2022-12-21	48290896664.62	15.133433	48282362086.91	284108
26.199.519/0001-34	ITAU PRIVILEGE RENDA FIXA REFERENCIADO DI FUNDO DE INV EM COTAS DE FUNDOS DE INV	FI	2022-12-22	48390242851.75	15.141099	48381131752.94	284456
26.199.519/0001-34	ITAU PRIVILEGE RENDA FIXA REFERENCIADO DI FUNDO DE INV EM COTAS DE FUNDOS DE INV	FI	2022-12-23	48538064134.92	15.149251	48528410470.42	284823
26.199.519/0001-34	ITAU PRIVILEGE RENDA FIXA REFERENCIADO DI FUNDO DE INV EM COTAS DE FUNDOS DE INV	FI	2022-12-26	48591783496.9	15.157254	48581556092.75	285048
26.199.519/0001-34	ITAU PRIVILEGE RENDA FIXA REFERENCIADO DI FUNDO DE INV EM COTAS DE FUNDOS DE INV	FI	2022-12-27	48637708414.34	15.165013	48626905810.25	285239
26.199.519/0001-34	ITAU PRIVILEGE RENDA FIXA REFERENCIADO DI FUNDO DE INV EM COTAS DE FUNDOS DE INV	FI	2022-12-28	48760912659.05	15.172963	48749527656.35	285489
26.199.519/0001-34	ITAU PRIVILEGE RENDA FIXA REFERENCIADO DI FUNDO DE INV EM COTAS DE FUNDOS DE INV	FI	2022-12-29	48949305726.41	15.180913	48937337966.65	285861
26.199.519/0001-34	ITAU PRIVILEGE RENDA FIXA REFERENCIADO DI FUNDO DE INV EM COTAS DE FUNDOS DE INV	FI	2022-12-30	49009267062.18	15.189275	48996709297.13	285946
27.146.328/0001-77	BB TOP RENDA FIXA SIMPLES FUNDO DE INVESTIMENTO	FI	2022-12-01	92548962572.71	1.417717302	92547908750.14	12
27.146.328/0001-77	BB TOP RENDA FIXA SIMPLES FUNDO DE INVESTIMENTO	FI	2022-12-02	92557737178.55	1.418436442	92556530860.58	12
27.146.328/0001-77	BB TOP RENDA FIXA SIMPLES FUNDO DE INVESTIMENTO	FI	2022-12-05	92076311332.78	1.419161257	92075398247.18	12
27.146.328/0001-77	BB TOP RENDA FIXA SIMPLES FUNDO DE INVESTIMENTO	FI	2022-12-06	92087973949.57	1.41987857	92087769737.52	12
27.146.328/0001-77	BB TOP RENDA FIXA SIMPLES FUNDO DE INVESTIMENTO	FI	2022-12-07	92778082749.36	1.420594077	92777758257.03	12
27.146.328/0001-77	BB TOP RENDA FIXA SIMPLES FUNDO DE INVESTIMENTO	FI	2022-12-08	92438517064.67	1.421312517	92438191207.54	12
27.146.328/0001-77	BB TOP RENDA FIXA SIMPLES FUNDO DE INVESTIMENTO	FI	2022-12-09	94081537714.64	1.422030642	94081235752.92	12
27.146.328/0001-77	BB TOP RENDA FIXA SIMPLES FUNDO DE INVESTIMENTO	FI	2022-12-12	94068609928.09	1.422747115	94068410677.44	12
27.146.328/0001-77	BB TOP RENDA FIXA SIMPLES FUNDO DE INVESTIMENTO	FI	2022-12-13	96439583531.95	1.423458546	96438757340.22	12
27.146.328/0001-77	BB TOP RENDA FIXA SIMPLES FUNDO DE INVESTIMENTO	FI	2022-12-14	96846105981.24	1.424184691	96845922096.76	12
27.146.328/0001-77	BB TOP RENDA FIXA SIMPLES FUNDO DE INVESTIMENTO	FI	2022-12-15	95598283135.36	1.424899791	95597776430.69	12
27.146.328/0001-77	BB TOP RENDA FIXA SIMPLES FUNDO DE INVESTIMENTO	FI	2022-12-16	94516856148.66	1.425619767	94516337077.44	12
27.146.328/0001-77	BB TOP RENDA FIXA SIMPLES FUNDO DE INVESTIMENTO	FI	2022-12-19	93659968292.47	1.426338429	93659630472.0	12
27.146.328/0001-77	BB TOP RENDA FIXA SIMPLES FUNDO DE INVESTIMENTO	FI	2022-12-20	91467237046.94	1.427049503	91466560049.53	12
27.146.328/0001-77	BB TOP RENDA FIXA SIMPLES FUNDO DE INVESTIMENTO	FI	2022-12-21	93455957309.35	1.427762581	93454621117.69	12
27.146.328/0001-77	BB TOP RENDA FIXA SIMPLES FUNDO DE INVESTIMENTO	FI	2022-12-22	91564269517.72	1.428496789	91563454650.59	12
27.146.328/0001-77	BB TOP RENDA FIXA SIMPLES FUNDO DE INVESTIMENTO	FI	2022-12-23	91058589688.98	1.429224021	91057570508.06	12
27.146.328/0001-77	BB TOP RENDA FIXA SIMPLES FUNDO DE INVESTIMENTO	FI	2022-12-26	90330665787.03	1.429957937	90329944002.79	12
27.146.328/0001-77	BB TOP RENDA FIXA SIMPLES FUNDO DE INVESTIMENTO	FI	2022-12-27	90788051178.05	1.430685272	90786997495.28	12
27.146.328/0001-77	BB TOP RENDA FIXA SIMPLES FUNDO DE INVESTIMENTO	FI	2022-12-28	88378850007.05	1.43142147	88378185685.91	12
27.146.328/0001-77	BB TOP RENDA FIXA SIMPLES FUNDO DE INVESTIMENTO	FI	2022-12-29	85936468677.81	1.432146905	85935217513.64	12
27.146.328/0001-77	BB TOP RENDA FIXA SIMPLES FUNDO DE INVESTIMENTO	FI	2022-12-30	86056550209.34	1.432883084	86055855467.04	12
42.592.315/0001-15	BB RENDA FIXA CURTO PRAZO AUTOMATICO FUNDO DE INVESTIMENTO EM COTAS DE FUNDOS DE INVESTIMENTO	FI	2022-12-01	114435723684.61	1.10057037	114434347305.5	17049
42.592.315/0001-15	BB RENDA FIXA CURTO PRAZO AUTOMATICO FUNDO DE INVESTIMENTO EM COTAS DE FUNDOS DE INVESTIMENTO	FI	2022-12-02	113272321596.34	1.10101955	113271319289.75	9309
42.592.315/0001-15	BB RENDA FIXA CURTO PRAZO AUTOMATICO FUNDO DE INVESTIMENTO EM COTAS DE FUNDOS DE INVESTIMENTO	FI	2022-12-05	111880604982.78	1.10146367	111879445344.33	10912
42.592.315/0001-15	BB RENDA FIXA CURTO PRAZO AUTOMATICO FUNDO DE INVESTIMENTO EM COTAS DE FUNDOS DE INVESTIMENTO	FI	2022-12-06	111407524717.89	1.101907919	111407247172.88	2773
42.592.315/0001-15	BB RENDA FIXA CURTO PRAZO AUTOMATICO FUNDO DE INVESTIMENTO EM COTAS DE FUNDOS DE INVESTIMENTO	FI	2022-12-07	111550446503.16	1.102352305	111549957440.24	5882
42.592.315/0001-15	BB RENDA FIXA CURTO PRAZO AUTOMATICO FUNDO DE INVESTIMENTO EM COTAS DE FUNDOS DE INVESTIMENTO	FI	2022-12-08	115213767993.75	1.102799916	115213177763.76	9047
42.592.315/0001-15	BB RENDA FIXA CURTO PRAZO AUTOMATICO FUNDO DE INVESTIMENTO EM COTAS DE FUNDOS DE INVESTIMENTO	FI	2022-12-09	120141847842.46	1.103249966	120141317767.59	2104
42.592.315/0001-15	BB RENDA FIXA CURTO PRAZO AUTOMATICO FUNDO DE INVESTIMENTO EM COTAS DE FUNDOS DE INVESTIMENTO	FI	2022-12-12	119383787194.81	1.103697423	119385215638.69	2289
42.592.315/0001-15	BB RENDA FIXA CURTO PRAZO AUTOMATICO FUNDO DE INVESTIMENTO EM COTAS DE FUNDOS DE INVESTIMENTO	FI	2022-12-13	119380054262.36	1.104105005	119377030189.1	2039
42.592.315/0001-15	BB RENDA FIXA CURTO PRAZO AUTOMATICO FUNDO DE INVESTIMENTO EM COTAS DE FUNDOS DE INVESTIMENTO	FI	2022-12-14	118337146868.72	1.104576364	118336627705.27	1877
42.592.315/0001-15	BB RENDA FIXA CURTO PRAZO AUTOMATICO FUNDO DE INVESTIMENTO EM COTAS DE FUNDOS DE INVESTIMENTO	FI	2022-12-15	116574512156.18	1.105023268	116573936745.75	1628
42.592.315/0001-15	BB RENDA FIXA CURTO PRAZO AUTOMATICO FUNDO DE INVESTIMENTO EM COTAS DE FUNDOS DE INVESTIMENTO	FI	2022-12-16	115207217540.78	1.10547008	115206713026.48	2137
42.592.315/0001-15	BB RENDA FIXA CURTO PRAZO AUTOMATICO FUNDO DE INVESTIMENTO EM COTAS DE FUNDOS DE INVESTIMENTO	FI	2022-12-19	113413145934.19	1.105914582	113412423572.59	1859
42.592.315/0001-15	BB RENDA FIXA CURTO PRAZO AUTOMATICO FUNDO DE INVESTIMENTO EM COTAS DE FUNDOS DE INVESTIMENTO	FI	2022-12-20	114482027507.95	1.106361631	114481300499.16	1880
42.592.315/0001-15	BB RENDA FIXA CURTO PRAZO AUTOMATICO FUNDO DE INVESTIMENTO EM COTAS DE FUNDOS DE INVESTIMENTO	FI	2022-12-21	114670023197.7	1.106812289	114669132082.7	2180
42.592.315/0001-15	BB RENDA FIXA CURTO PRAZO AUTOMATICO FUNDO DE INVESTIMENTO EM COTAS DE FUNDOS DE INVESTIMENTO	FI	2022-12-22	113529240439.7	1.107264365	113528249692.72	1911
42.592.315/0001-15	BB RENDA FIXA CURTO PRAZO AUTOMATICO FUNDO DE INVESTIMENTO EM COTAS DE FUNDOS DE INVESTIMENTO	FI	2022-12-23	111909338680.82	1.107718524	111908866039.94	629
42.592.315/0001-15	BB RENDA FIXA CURTO PRAZO AUTOMATICO FUNDO DE INVESTIMENTO EM COTAS DE FUNDOS DE INVESTIMENTO	FI	2022-12-26	111404019636.08	1.108164691	111403477531.18	269
42.592.315/0001-15	BB RENDA FIXA CURTO PRAZO AUTOMATICO FUNDO DE INVESTIMENTO EM COTAS DE FUNDOS DE INVESTIMENTO	FI	2022-12-27	110609322802.69	1.108608681	110608284814.58	69315
42.592.315/0001-15	BB RENDA FIXA CURTO PRAZO AUTOMATICO FUNDO DE INVESTIMENTO EM COTAS DE FUNDOS DE INVESTIMENTO	FI	2022-12-28	107579565499.94	1.109058928	107578705017.43	69986
42.592.315/0001-15	BB RENDA FIXA CURTO PRAZO AUTOMATICO FUNDO DE INVESTIMENTO EM COTAS DE FUNDOS DE INVESTIMENTO	FI	2022-12-29	106654311081.39	1.109506361	106653503535.48	70640
42.592.315/0001-15	BB RENDA FIXA CURTO PRAZO AUTOMATICO FUNDO DE INVESTIMENTO EM COTAS DE FUNDOS DE INVESTIMENTO	FI	2022-12-30	107514895508.07	1.109952177	107513514341.45	70791
46.133.770/0001-03	BB TOP RENDA FIXA CURTO PRAZO AUTOMATICO II FUNDO DE INVESTIMENTO	FI	2022-12-01	114436559312.53	105.70643649	114435504834.96	1
46.133.770/0001-03	BB TOP RENDA FIXA CURTO PRAZO AUTOMATICO II FUNDO DE INVESTIMENTO	FI	2022-12-02	113273206910.91	105.756631025	113272122176.17	1
46.133.770/0001-03	BB TOP RENDA FIXA CURTO PRAZO AUTOMATICO II FUNDO DE INVESTIMENTO	FI	2022-12-05	111881488084.31	105.806828132	111880419800.27	1
46.133.770/0001-03	BB TOP RENDA FIXA CURTO PRAZO AUTOMATICO II FUNDO DE INVESTIMENTO	FI	2022-12-06	111407520959.6	105.856947803	111407334241.13	1
46.133.770/0001-03	BB TOP RENDA FIXA CURTO PRAZO AUTOMATICO II FUNDO DE INVESTIMENTO	FI	2022-12-07	111550580071.32	105.907203916	111550255773.32	1
46.133.770/0001-03	BB TOP RENDA FIXA CURTO PRAZO AUTOMATICO II FUNDO DE INVESTIMENTO	FI	2022-12-08	115213843957.12	105.957612605	115213571542.72	1
46.133.770/0001-03	BB TOP RENDA FIXA CURTO PRAZO AUTOMATICO II FUNDO DE INVESTIMENTO	FI	2022-12-09	120139628668.13	106.007889403	120141653353.79	1
46.133.770/0001-03	BB TOP RENDA FIXA CURTO PRAZO AUTOMATICO II FUNDO DE INVESTIMENTO	FI	2022-12-12	119384021736.86	106.056145562	119383523969.9	1
46.133.770/0001-03	BB TOP RENDA FIXA CURTO PRAZO AUTOMATICO II FUNDO DE INVESTIMENTO	FI	2022-12-13	119380171765.99	106.106634248	119379766854.98	1
46.133.770/0001-03	BB TOP RENDA FIXA CURTO PRAZO AUTOMATICO II FUNDO DE INVESTIMENTO	FI	2022-12-14	118337132961.44	106.157040493	118336842423.02	1
46.133.770/0001-03	BB TOP RENDA FIXA CURTO PRAZO AUTOMATICO II FUNDO DE INVESTIMENTO	FI	2022-12-15	116574618444.84	106.207437334	116574203093.22	1
46.133.770/0001-03	BB TOP RENDA FIXA CURTO PRAZO AUTOMATICO II FUNDO DE INVESTIMENTO	FI	2022-12-16	115207420601.64	106.25774555	115206883804.43	1
46.133.770/0001-03	BB TOP RENDA FIXA CURTO PRAZO AUTOMATICO II FUNDO DE INVESTIMENTO	FI	2022-12-19	113413290658.55	106.308116049	113412667739.95	1
46.133.770/0001-03	BB TOP RENDA FIXA CURTO PRAZO AUTOMATICO II FUNDO DE INVESTIMENTO	FI	2022-12-20	114494355542.79	106.35852223	114493499438.42	1
46.133.770/0001-03	BB TOP RENDA FIXA CURTO PRAZO AUTOMATICO II FUNDO DE INVESTIMENTO	FI	2022-12-21	114682456999.61	106.409282055	114681456393.69	2
46.133.770/0001-03	BB TOP RENDA FIXA CURTO PRAZO AUTOMATICO II FUNDO DE INVESTIMENTO	FI	2022-12-22	113541538930.18	106.460160083	113540644702.49	2
46.133.770/0001-03	BB TOP RENDA FIXA CURTO PRAZO AUTOMATICO II FUNDO DE INVESTIMENTO	FI	2022-12-23	111909433548.07	106.510785184	111908745124.87	1
46.133.770/0001-03	BB TOP RENDA FIXA CURTO PRAZO AUTOMATICO II FUNDO DE INVESTIMENTO	FI	2022-12-26	111404171138.2	106.561202607	111403323568.66	1
46.133.770/0001-03	BB TOP RENDA FIXA CURTO PRAZO AUTOMATICO II FUNDO DE INVESTIMENTO	FI	2022-12-27	110609327920.95	106.611781567	110608580695.25	1
46.133.770/0001-03	BB TOP RENDA FIXA CURTO PRAZO AUTOMATICO II FUNDO DE INVESTIMENTO	FI	2022-12-28	107579754632.56	106.662315173	107578751739.38	1
46.133.770/0001-03	BB TOP RENDA FIXA CURTO PRAZO AUTOMATICO II FUNDO DE INVESTIMENTO	FI	2022-12-29	106654621266.73	106.712845304	106653345794.69	1
46.133.770/0001-03	BB TOP RENDA FIXA CURTO PRAZO AUTOMATICO II FUNDO DE INVESTIMENTO	FI	2022-12-30	107508954186.82	106.763819603	107507822317.55	1
